{
  "timestamp": "2025-06-18T15:41:08.696465",
  "total_time": 0.10436391830444336,
  "summary": {
    "total_functions": 500,
    "completed": 500,
    "failed": 0,
    "success_rate": 100.0,
    "average_quality": 100.0,
    "functions_per_second": 4790.927823746842
  },
  "category_breakdown": {
    "critical_core": 429,
    "blockchain_operations": 71
  },
  "performance_metrics": {
    "total_processing_time": 0.22742438316345215,
    "average_processing_time": 0.00045484876632690427
  }
}